timestamp,student_id,topic,clarity,pace,difficulty,comments,quiz_score,quiz_total
2026-03-19T10:39:00,19269272,Limits,5,3,2,,3,3
2026-03-19T10:44:42,19269272,Limits,5,3,2,,2,3
2026-03-19T16:17:07,19269272,Limits,5,3,1,,3,3
2026-04-05T08:47:24,19269272,Limits,4,3,4,,3,3
2026-04-05T08:48:14,19269272,Limits,4,3,3,,2,3
2026-04-05T08:49:17,,Limits,4,3,3,,2,3
2026-04-05T08:49:44,19269272,Limits,4,3,3,,2,3
2026-04-05T09:00:04,19269272,Limits,3,3,3,,2,3
2026-04-05T09:05:15,19269272,Limits,5,3,4,,2,3
2026-04-05T09:08:49,19269272,Limits,5,4,4,,3,3
2026-04-05T09:13:56,19269272,Limits,5,3,5,,3,3
2026-04-05T09:20:09,19269272,Limits,5,3,5,,3,3
2026-04-05T09:29:54,19269272,Limits,5,3,1,,3,3
